{
  "dice": {
    "mean": 0.9072531935082846,
    "std": 0.013013880677952496
  },
  "iou": {
    "mean": 0.8305031104583808,
    "std": 0.021788263848390405
  },
  "precision": {
    "mean": 0.9759758946689988,
    "std": 0.005450731975459763
  },
  "predicted_objects": {
    "mean": 12.65,
    "std": 1.4944341180973264
  },
  "recall": {
    "mean": 0.847829452225643,
    "std": 0.021914528323736786
  },
  "true_objects": {
    "mean": 12.8,
    "std": 1.7276039432159747
  }
}
