{
  "local_reference_results": {
    "AP": {
      "mean": 42.17750305250305,
      "std": 4.439307141040894
    },
    "AP50": {
      "mean": 50.64051689051689,
      "std": 4.544568025974936
    },
    "AP75": {
      "mean": 43.38649776149776,
      "std": 6.149285694551335
    },
    "AR100": {
      "mean": 41.422222222222224,
      "std": 5.923479699440246
    },
    "AR75_100": {
      "mean": 42.666666666666664,
      "std": 7.550595622391228
    }
  },
  "not_run": [
    {
      "experiment": "Six deep-model training/evaluation on private 700/200/150 split",
      "reason": "Private microscopy images and trained checkpoints are not redistributed."
    },
    {
      "experiment": "BBBC038v1 public microscopy transfer evaluation",
      "reason": "Legally reusable CC0 dataset path selected, but transfer evaluation was not run in the latest committed results."
    }
  ],
  "published_results": {
    "centermask2": {
      "AP": 25.2,
      "AP50": 46.0,
      "AP75": 25.0,
      "APl": 32.4,
      "APm": 20.6,
      "APs": 9.1,
      "AR1": 14.5,
      "AR10": 31.0,
      "AR75_100": 33.1,
      "ARl": 36.3,
      "ARm": 30.9,
      "ARs": 17.2
    },
    "fastinst": {
      "AP": 21.0,
      "AP50": 36.6,
      "AP75": 18.9,
      "APl": 27.3,
      "APm": 11.6,
      "APs": 0.8,
      "AR1": 16.4,
      "AR10": 32.2,
      "AR75_100": 35.0,
      "ARl": 43.2,
      "ARm": 17.6,
      "ARs": 3.1
    },
    "mask2former": {
      "AP": 30.2,
      "AP50": 48.6,
      "AP75": 30.1,
      "APl": 41.3,
      "APm": 13.4,
      "APs": 1.0,
      "AR1": 17.6,
      "AR10": 34.1,
      "AR75_100": 38.7,
      "ARl": 48.2,
      "ARm": 24.5,
      "ARs": 5.2
    },
    "mask_rcnn": {
      "AP": 23.3,
      "AP50": 43.0,
      "AP75": 23.7,
      "APl": 29.5,
      "APm": 16.0,
      "APs": 2.0,
      "AR1": 12.9,
      "AR10": 28.7,
      "AR75_100": 30.9,
      "ARl": 34.3,
      "ARm": 23.1,
      "ARs": 5.5
    },
    "maskdino": {
      "AP": 29.2,
      "AP50": 51.7,
      "AP75": 28.7,
      "APl": 38.8,
      "APm": 15.2,
      "APs": 2.3,
      "AR1": 17.2,
      "AR10": 35.1,
      "AR75_100": 38.4,
      "ARl": 47.0,
      "ARm": 23.9,
      "ARs": 6.0
    },
    "yolact_plus_plus": {
      "AP": 17.9,
      "AP50": 33.9,
      "AP75": 16.0,
      "APl": 26.9,
      "APm": 14.3,
      "APs": 3.9,
      "AR1": 11.9,
      "AR10": 23.2,
      "AR75_100": 24.3,
      "ARl": 31.1,
      "ARm": 26.3,
      "ARs": 10.2
    }
  },
  "published_results_reproduced": false
}
